key,spec_hash,status,reviewer,date,notes
learning.char.c00,fd144f65cc55af893ef6ff2b460aea009388d2b684ef3a08f96d361e96ac49a2,approved,,2026-08-19,
learning.char.c01,7e66531bb218db5dbc914ceedf6900f91978b3d47e08f775612deff6015230e6,approved,,2026-08-19,
learning.char.c02,e12ccb21e31ee0c73554e803b0df636b3c7ba60cd43063ff98591c70b369c2eb,approved,,2026-08-19,
learning.char.c03,9bf2738b82c7cfc7ba324c6555168709c171d7ef0901b184a00a92970bad3e1d,rejected,,2026-08-19,"should be more like ""He""?"
learning.char.c03,f24094372299d67d0ef9fd481415d6dc19fdb950357643e686e7821d5b0127d4,approved,,2026-08-19,
learning.char.c04,af6264de2138847665aa2411653efd5464c5e37394b6acfc121bf21b3b5c43b0,approved,,2026-08-19,
learning.char.c05,0b0c1d3c520c11be3e43b3cddc97f855f2c48e78956bb30f8abbc93c51eb1e62,approved,,2026-08-19,
learning.char.c06,9206f2353463a0880640675da370f4a71af755b87bc5446c609989038604c014,approved,,2026-08-19,
learning.char.c07,8035b75be4470cbc72da12b777703c00e10526416f8c04f929b6e329f0a2384f,approved,,2026-08-19,
learning.char.c08,32aff69f522c5579a0ced7f5e1639e193647249c0daec1e76bbec265afd5155e,approved,,2026-08-19,
learning.char.c09,3ba5a39bbf9df5a22e1e53ecb6e415b3460fd0cd4219def648de206bc7ce8481,approved,,2026-08-19,
learning.char.c10,101c79fbff9a5b6c593809a961988d451bd0a4515015c2057ac88aa9c50977d1,approved,,2026-08-19,
learning.char.c11,77a7da16f7d0df9adcac092badf8f7f5811cf8e81bb37112f94ebfc61cdf39e2,approved,,2026-08-19,
learning.char.c12,6d4f249fe733b8970168e21a4ba16acc13d15fca450770ad5e7753fa2f099167,approved,,2026-08-19,
learning.char.c13,6b1ecb121f30c3e72a6e07d1f752b9d2051a86364adf1690aa7866a7d8df830f,approved,,2026-08-19,
learning.char.c14,9aba6bc38ad1898256ddee5555a8989e60f8bb07b663300831ff8774b2e55237,approved,,2026-08-19,
learning.char.c15,00509c34764f800c242b1c5fe736cc1a2710a729be95d7ebd1e0e91b7314a0b6,approved,,2026-08-19,
learning.char.c16,8046291a7a7b8c661b97b6839a6e7f730fad34a7d8103f55d32bb302da0f4207,approved,,2026-08-19,
learning.char.c17,13149417c2065647afef0bd144f3829a9fbdaa3d0ae292a7c3b914c3fa5217d1,approved,,2026-08-19,
learning.char.c18,0b33c766c9dc02a66e24f776e48948c97bc7d02f2d16a558710913b2acd4a7f4,approved,,2026-08-19,
learning.char.c19,11039ba03176b7690c40cba9f0f655c7c8d9369d2add53274f5180bd48f71eb2,approved,,2026-08-19,
learning.char.c20,4e69dd87964fd4ff25f380f0fbd9eab4267df2b801699e37ab82fed826247ad6,approved,,2026-08-19,
learning.char.c21,70ad0fd54b3f310a41b1130f0b9bd74a0efc58b3022590cdc02f890ed9cbed1e,approved,,2026-08-19,
learning.char.c22,05d8d50a5e6bf39a2c1c4d98380a0c44cb60bd6b080f8b0c902b8338da3639f9,approved,,2026-08-19,
learning.char.c23,7fa870c2d08cfb1479d6bc00c35cf493163319a186a6df7bbcc7ae797b4b8657,approved,,2026-08-19,
learning.char.c24,c522ec6bb5cd6868c8a6781d71344ecda2534bb6aff7b487ab5edd327db3181e,approved,,2026-08-19,
learning.char.c25,cf08f4a913d541b57f3552f07932b9a7a9cb752092adba18b7682602d24837cf,approved,,2026-08-19,
learning.char.c26,a29a1ab071d78b52987cabb9c506979a0a0388c3072613fa3295dad7e8670b64,approved,,2026-08-19,
learning.char.c27,b4a24bf0fc628ee4aa9d9db545d75902003dce733075b4f366c04a876c48a451,approved,,2026-08-19,
learning.char.c28,dde9dd8b142317f15343706bd36aec897f09ea912ce37ffc1c203ffe9ab2b3c2,approved,,2026-08-19,
learning.char.c29,a5a1a4def34e21a1c8674009e16736a9fa5f1e5b68b444f4846ad4d4b00e8e38,approved,,2026-08-19,
learning.char.c30,f7c4b222d1676bdbca9c677043f09f9d4d1b9f7d2ab27a83f4586016596b4a26,approved,,2026-08-19,
learning.char.c31,b0f8777c9031adec8fda8b86e66245facd058808f49b84caf1a257a5bbd7e4a3,approved,,2026-08-19,
learning.char.c32,8365356fe0eb85578f6f49576748fe9d487349363a6ed6490142c370935d5c5a,approved,,2026-08-19,
learning.number.001,0dec8226ea242077421f0a94c6ca055c677cb9f9527b491ec97f0934ee8d18ff,approved,,2026-08-19,
learning.number.002,2ecff74873ea64c41b83f8d4d1bc8f34bc8c61bc2e0c7d55a0d52abf8af8b649,approved,,2026-08-19,
learning.number.003,32a46e6ccaa9fd3ce6d11bf8fa442e459afdd12ec4d4ad51e3fd2c7c58a3a61f,approved,,2026-08-19,
learning.number.004,57aea32b8a678dc6f37435ed07158738177501a815fe1f63a291b9ce8f751e3d,approved,,2026-08-19,
learning.number.005,be1daed36f4297820cef8feec62769c56649f586977d3f87a0f721832363d383,approved,,2026-08-19,
learning.number.006,2250c557dd5388e08a99ae15d67321b46e2841cc35e810b7e09b99b38dadb349,approved,,2026-08-19,
learning.number.007,550d75b13715daddb3a52b6796fb6e8906d133e57a22bd8da6d656434ab12405,approved,,2026-08-19,
learning.number.008,e463500f1ce5aacca171efb46260a6386ff83ff78f8c2adc5dc3524ecbd3b45c,approved,,2026-08-19,
learning.number.009,ddf5e99feb54c8c35d0d0bbfebe8ce6b0cdcc2b0ad6eb20e66f42fd914e4ff29,approved,,2026-08-19,
learning.number.010,02f88f364d9b3cdcc5de1841a24058bc169d3f731d461dfd3b861a01e88d0f6a,approved,,2026-08-19,
learning.number.011,dc6b7cddc2f9ae9c74d4442c0d9192f58be0974ce3f2dab0d10956241479ef60,approved,,2026-08-19,
learning.number.012,f1d3591d904c038912428c269876078c2ca033ee3d74e4d1f7e83c545cc73cab,approved,,2026-08-19,
learning.number.013,96884779dce5f57c153324bcf526a080947ea523e264b09f97258b0a52b4d2af,approved,,2026-08-19,
learning.number.014,41eb0449e3ddab0fdc0c6b3e48eef86859a10ac8c143084e69a6f4ed274c40ee,approved,,2026-08-19,
learning.number.015,8dd30385fbf658be326707154532f25565a66c2a745a1519e437b52ee9bdd5a6,approved,,2026-08-19,
learning.number.016,0b706896b6880919e0f9e86ae1c33d259f3338a23434c4da799508338dbade4a,approved,,2026-08-19,
learning.number.017,63b12d1ceaba3fb687c76b1f804c25aacdce3994f635f78450364725d79967d0,approved,,2026-08-19,
learning.number.018,60690af4a635f04c279ac4ed75fc814e10a91cc5056b0fd1d555b4b95a2f518c,approved,,2026-08-19,
learning.number.019,c16ff33b9f915c8f3ab6b1c3ff752aa637f39cef1be663dcf6ff540dba096e51,approved,,2026-08-19,
learning.number.020,5b4590fe04fe62669945fd0ad39fa9cdfbdc5dbeea29967191c5074ff3fede62,approved,,2026-08-19,
learning.number.021,02460c57cd03a32435d83fc95ebb621c9213c71c62b75b25a84ae65336864b82,approved,,2026-08-19,
learning.number.022,e9371c8cca4b59529b16e298400d3f0312175442d6173167d4540207346927f1,approved,,2026-08-19,
learning.number.023,1584bc565fd44e49c9e3d1ac3b1f0b10d86b953b4c9981ba93d7659c001fdb3b,approved,,2026-08-19,
learning.number.024,044fa39e806bd3cfaf704aa5bf3b5869729493a2dc0060e660d8d3016c45c8aa,approved,,2026-08-19,
learning.number.025,f1180dec4d9e2183c9a20d88fd462a06ba17bf602a9b5b1f741b15a0df72536a,approved,,2026-08-19,
learning.number.026,dd3d722a30cca71a8c7f4c1ab6c59ebe6ed53433cac424bac834f9f87cba7df5,approved,,2026-08-19,
learning.number.027,930e90214bd498e4a74a17af3ea812349968fa82d9ea241124aa2c8a5e1e8c05,approved,,2026-08-19,
learning.number.028,8cd24e3138bfa672e906caab72f7ff060bb3bcb9d1400a1c77c92a6a65503e8a,approved,,2026-08-19,
learning.number.029,7fab6e40a0055d04f5b6635939bf0be4caaafca7ccd835ee7009bb6265c958ff,approved,,2026-08-19,
learning.number.030,d95f76e0eba28d97c0a8a281c11452f58d8426284e751c3aeb1832b8a8f0b97a,approved,,2026-08-19,
learning.number.031,9af636793f1afe1b68fc7ed00ab37f79b1632a1a84a93ab57c8934e135ab7b16,approved,,2026-08-19,
learning.number.032,7b6bb70a32b37c93a81bbcbaa4ea3e3c30fecf2719f0c29ba6cd6b9f657dcd63,approved,,2026-08-19,
learning.number.033,caa8c1acf4adaa6fff43ace4c07dce0da651ae07ae2f9c8da53e2cf3dc8d50ef,approved,,2026-08-19,
learning.number.034,de20dfc95a2efc23e22ebfbc69174ff40179775b87e5a9cd62077999cf488eb8,approved,,2026-08-19,
learning.number.035,ae1eba942674453b4508342786fdbe6c1c3066de84cd4ab41c0dfde37c587b8e,approved,,2026-08-19,
learning.number.036,6443b0e0b2e54b54fd30eb21728f90d4aec780cc178bda4a8f1ff5dd593fac6a,approved,,2026-08-19,
learning.number.037,9c8560b6cca588d6fcfd79c5d2b754770932c7df0c4a290108bcc1512f5f6201,approved,,2026-08-19,
learning.number.038,a9821caaf4bdf9c73269ba7168e00ba10797f01979ad5c1071229484a5f98382,approved,,2026-08-19,
learning.number.039,542f994d43ad6cac6a911e27da91ba8a3c4e9d4c9f9bec71e6f8eb1caa1b44e5,approved,,2026-08-19,
learning.number.040,2a175d5d7543b9f3c49d1ce2a19c5555e41d6908a4cd30dd4551c18752cfa653,approved,,2026-08-19,
learning.number.041,05c45d95d7dbf54ef65dcd711edcafcdca283b45283b6b63aa1a1d1c59009545,approved,,2026-08-19,
learning.number.042,f3fb12f57f40d696594dfbd9d11a15c98535a7eeb37ec3e71f426b625cfbd4bb,approved,,2026-08-19,
learning.number.043,078fe1caa358a6125dabc5560de11bf4914474b57254caa505f10231a4831d23,approved,,2026-08-19,
learning.number.044,eefbcd9d4a66de361e983797cf68e0ddf46c3fec55db1057987624c27898beac,approved,,2026-08-19,
learning.number.045,f4f90ccd01f51a721f6796ab97f962968e43c36562cc4fde03e85a5e36192dc6,approved,,2026-08-19,
learning.number.046,5850f26d3d33f7e9efcd5bc13382999cd0c625e4bc3bcfcc90e661fa75bb0224,approved,,2026-08-19,
learning.number.047,8fa7942955df3ce0d015c129844891437675331edb795c58175db4d5ead4db75,approved,,2026-08-19,
learning.number.048,39dc95e04c0ad00cea43094928197621e74741a78de06239f8dcb83e255d4ed2,approved,,2026-08-19,
learning.number.049,e996d295507f5945caf7fd75bfed138be0852cb76906a9b5125b38c22f5e16ac,approved,,2026-08-19,
learning.number.050,2f9b74825a20f5e8c0aa65bc8a0aeb90b1794c277d2eaddfde9d0df6b7df8798,approved,,2026-08-19,
learning.word._0278,0bcfdf247eb395bedcb6b1a1672c82091f41b61f781690f3b623e974f0538a79,approved,,2026-08-19,
learning.word._033d,b2590312c1b3c11fcd59e61f39daff1ba5b570686b50d04954bb052ec0ff4754,approved,,2026-08-19,
learning.word._059f,9b9cc20a2ec3e6e9852eac79d6ddc826dba80aeb39c528f0e531911fafedf862,approved,,2026-08-19,
learning.word._05d0,2b5e597c907c5fbf7eda894da568c50cf6af363c3e29ac54c777b9d9277c1701,approved,,2026-08-19,
learning.word._061b,b8b0b105bd37f5784cf39959840428fe0cc019dd09566e38b11c926efa1cc6c3,approved,,2026-08-19,
learning.word._067e,70ec1079648905fc57932bd320257ab101826b4ba1c3a71b4da6593e92341511,approved,,2026-08-19,
learning.word._0699,95eec2d70e095c0837e00fb58fd925141e95a1143aca093190a69fa4149fca70,approved,,2026-08-19,
learning.word._08f4,7a541e172ad105ed4c8ce975d820fee3b27075298b9b4d064c4dcfb460d87ff5,approved,,2026-08-19,
learning.word._09b4,e33faaa53e2b1efc645f44ae06ea8c4413c93ef447a2666014f71f744141604f,approved,,2026-08-19,
learning.word._0d3f,3124abdfca1c7111e9df0725f03b46764be087c5ff4637de0082d2e6ec0fe374,approved,,2026-08-19,
learning.word._0dad,65eb9592004345898fa8ce58db959781f6c76c43b33e79179f1c5a80a951ba29,approved,,2026-08-19,
learning.word._0ec6,92f6816b4787fc78c30974486782871f2715dceab5ca5050859a9aeb873305ce,approved,,2026-08-19,
learning.word._0f5e,5b623353aaf902f985bba5752c6f5fabf686e25c6347f93be83a144ea9d0663c,approved,,2026-08-19,
learning.word._1006,90b5ed9de47a252fa233934587dd1c378cd197bd9d645f0d63f5c314b04d3376,approved,,2026-08-19,
learning.word._181e,f646a66c9f792613045235371983e2df828d9008cb1126c4bd906bef1d7a21b2,approved,,2026-08-19,
learning.word._1829,9f9513cbc4650e55f77105899068b22a2bcda3f7260512b8f8044f797d2f7118,approved,,2026-08-19,
learning.word._195c,ca46915a3a67e257b1af4cad003183954307ff715bffe86ebf12e7ba4d503550,approved,,2026-08-19,
learning.word._1a90,c7f91378769f19a9a498af55b5bcad8006ad5dd996e4d5efdfc6923dbfee97a3,approved,,2026-08-19,
learning.word._1b6e,3e09c1132a0a4fb925753eb953e7776b6a6183db5cee338d0484af4c3290590b,approved,,2026-08-19,
learning.word._1d74,2ebeebe7daca0841ec7c5d0d13c12df1edc073cbfe97da78e0b6ffba98044df5,approved,,2026-08-19,
learning.word._1eab,3034bdebb61356cd05d346725c10a6dc57b75d958aeb518f44e1102be6c1c520,approved,,2026-08-19,
learning.word._2208,1701c26a338db414276bb7fe8118301a109d02d29733778f3587ab1a5a92a839,approved,,2026-08-19,
learning.word._22ca,8ec0d610194d12a77041b36da4a6d3276dbbc23497ef6d53b4af20589eb1c4fa,approved,,2026-08-19,
learning.word._22fe,3b30f34c5a6e1ca7ab9666b2a217a6dbbc54dcd3c89009ecfddc76a01fd60b7d,approved,,2026-08-19,
learning.word._24ee,f7634f5279a5bd21673f49edca65d5352909902d6f31aeb08bbc09e8a68c9acb,approved,,2026-08-19,
learning.word._2662,c7bd5bc87a4bb03e6faf9468b8a1debb44d917755b6f5816e30b7f9d7a5ad59a,approved,,2026-08-19,
learning.word._2728,cd74676bf529faecb6478f338b9d93b0a4a786d25879508dfc51c0cc0eb8c5b6,approved,,2026-08-19,
learning.word._28c0,6cb36d0161f9b2070ddae70b2985dbb6ab6fb56a1bbda3478b85c1664e44e629,approved,,2026-08-19,
learning.word._2bba,a5e110b15a56abfaf3f0961193e667324417a70044166b243a30be41b5e0cc1b,approved,,2026-08-19,
learning.word._2c6f,218c0fd7b6f9c6bc9808d2616fd5ef79d4690785405be56e752e26b1ccdae921,approved,,2026-08-19,
learning.word._2cb1,a124d72f2881bdad6abc3a177575f48fb52b2ffd6bade328d4d7ef8f2528203a,approved,,2026-08-19,
learning.word._2d1d,9bf6607f0e7c7c856827c4970d300918c8c1b99e294ecb95ae88038a986a5749,approved,,2026-08-19,
learning.word._2eaa,03043f564e742250b14797de267c7e567abb7d63448529b4d55e8f31a3622bf3,approved,,2026-08-19,
learning.word._2f83,db425e0ff874b287c124143e050a62f4169568cae75779d56f38178b3b81d98b,approved,,2026-08-19,
learning.word._31b6,d6a35b4e8a7660a94590686e2579a192c4907f3213d1d8683f492735e8cc5e94,approved,,2026-08-19,
learning.word._3347,c6e278f2c3ad03524741a8e5c6f56f9ddf2238657e04fbe693f7b099afbd9cc4,approved,,2026-08-19,
learning.word._34c6,b89cd7260c8abf6f15d5f08dcc62925ba67cad88c7e0b54935826188dadaccd6,approved,,2026-08-19,
learning.word._350d,061f94f31b1cc52278c0079c6a3e00f9db4d5a6b0a46700ebd8fa1fb487bffea,approved,,2026-08-19,
learning.word._3587,0f1f518a1b5dadd346d282d7a4495d8874cb3985614f363802d9ac64a62d4da6,approved,,2026-08-19,
learning.word._3604,da6058c4b248202a470a28c45292aff4393d56a539c32deac9d8bd248ad968af,approved,,2026-08-19,
learning.word._3746,d49ffea0952b89b3355733b8b2b71a913d70853c48313a261df8206486453c34,approved,,2026-08-19,
learning.word._3b73,b022a808161f16672f1bef7f8b86023002840e382b965a7386ca18e88e4624c9,approved,,2026-08-19,
learning.word._3bcb,9c14e5a9702561441f1c3ab8c4ae06eab4e0f59ec2b8f8d0cf8ef871ecc4cbb0,approved,,2026-08-19,
learning.word._3f82,083eb0d29826849918d4063f2ce383f3693633c76fd70791f06916382fa48c7d,approved,,2026-08-19,
learning.word._429b,51eaf68582a67b38820e37bf56b23665e515edecd2d4b839bb7ad5152a2005fb,approved,,2026-08-19,
learning.word._43f0,dbfeacfc0f058d615abd7015a046e8ee637ef823ffea1d9f27500638e11b9574,approved,,2026-08-19,
learning.word._440c,96811a5ffc69898b544f98a0ca11ce50b2e6cc9c6dc4ace670cdabb64e4151a2,approved,,2026-08-19,
learning.word._448c,a0ad542a8d3b5572585600439935d2df2034123cb14b5a8ed2144b9785d3ee68,approved,,2026-08-19,
learning.word._44ff,e5dc0bc5b2b66d0e083e9e9cc28b64fdbd405767a8838b8720f34dca702df000,approved,,2026-08-19,
learning.word._46a5,a4cd4dd28856c2584187fe9bccdd25d64f6a696e5e27db6ba308a051088503f4,approved,,2026-08-19,
learning.word._47c4,4331b3020a89137dd7f3d3d4b42046505832b692931c5a5f7c37b6e597e6570c,approved,,2026-08-19,
learning.word._4c7f,7eeb14a2a2ec6db76ab0ba3dbdf1787ab00a1b199fb462dcb39d888c4921a577,approved,,2026-08-19,
learning.word._4e02,1bfd2ea5c77944b8986edf10629cf503295d395ae433c401f20b68fbc1bcf8b7,approved,,2026-08-19,
learning.word._4f97,b525a06269e11b1aef3dcc2bd696f5bec3b11dc95eb3ac80b56225bf0f440163,approved,,2026-08-19,
learning.word._4fb5,642e25fb546c8aa2326a5bd49b4271bb954ac61ce7930f6bd2813375a3f70c0e,approved,,2026-08-19,
learning.word._5009,1b466bb6e857dcfec9908284a023ca00757258502f64bc51ae0f373fdecd43cb,approved,,2026-08-19,
learning.word._510b,f2bcc59330aba234a2467dabcd21370d06c40556fd8abb9ede3e362bfc285ecc,approved,,2026-08-19,
learning.word._52eb,724eff97da502c5623c1b2b0a097f6ce65d76ed47f08d3d14ae717a2754bf751,approved,,2026-08-19,
learning.word._536e,f09f3fac1058f821439ef7233dcc64a2a75db2d09a740d3c6ae223488c00a61f,approved,,2026-08-19,
learning.word._5626,337dd9064f7e0ef61bffa6703d6e4a95cc20aea980f0b08f80d182d4eef88335,approved,,2026-08-19,
learning.word._566d,36819b3bbe5f00755f2e7aa6826e78ec0f95c11c2425ff31ecef81495a529d9d,approved,,2026-08-19,
learning.word._57d0,1e4ab444a9d406317adb3a92bea2f6e024c8f1b3dbc8f0aae85ae226b445277b,approved,,2026-08-19,
learning.word._5949,6d95df5bf62a2fc9f3bacfd43e3583b58b36737942488f7a054518030c4349e3,approved,,2026-08-19,
learning.word._5e75,4ed9b1398ad21c97fdbe610b9ddbb92bb8cc00da9b1176b17e121c18d59130ef,rejected,,2026-08-19,cut abruptly
learning.word._5e75,baf2feea93b6e361362793b7148588637d6bc019d8e58e9d50fb2142c637cc5e,rejected,,2026-08-19,cut abruptly
learning.word._5e75,0bf72971a32daab65753f27ee393ee655d68e62e25d511f8bb2e971a7a68dccf,approved,,2026-08-19,
learning.word._5f24,5c667f1a14aeb64f7d2d1f9af6dfdf6f43ff48d9933df3ecea679d17251e028b,approved,,2026-08-19,
learning.word._60a0,80993c7f3a461848c993cdd5d4d37f5ffbd33f0efa2c6fc93601bd45cf68a5f5,approved,,2026-08-19,
learning.word._6789,45eecaeb4f9fcce2a2785ab1c32381f09ecec01ba7b669a4995710fb3284e132,approved,,2026-08-19,
learning.word._67de,04aaa8fc5833f8b92f30a92cdadd7d264604b1ac30e6adcc21946cbf44043b1b,approved,,2026-08-19,
learning.word._681b,5982df0b676511a2a15fe1f54f1e20c3b825eb22c70f7f132f84601ad6a95416,approved,,2026-08-19,
learning.word._69bc,00c083319dabe4e6756e55b94d3cd1ac93535c3e1ac891e98d2dfb50f020320c,approved,,2026-08-19,
learning.word._69c9,45ac47fc76a1391093f09aa807b28cf00c6e74f0f58e0e5e0485419139af3344,approved,,2026-08-19,
learning.word._6bc1,c6d8adc79ec5922b2c5c974c86a6eb33f3a9446dbf20ab54c88944e3f0227eb7,approved,,2026-08-19,
learning.word._6f0b,987b86071220026d2482078858c43daec76ca4ec699ed69cf30de30249f339c0,approved,,2026-08-19,
learning.word._7078,17d187536106afc7c7133babee7d8e65ffbb03950aaa850f4955e86996508c1b,approved,,2026-08-19,
learning.word._72ff,d868cef41252a5392f9df5b51c5560285cae14b455b246c87290338f4aaf5962,approved,,2026-08-19,
learning.word._7466,b2401d40137106a6773bbe89b418bc6eb88680a13a4f53f3aba75910e353bfe8,approved,,2026-08-19,
learning.word._7475,9e8d636010f1dfec6bfd85082c0cc33dde900743a0a9bd876575787fdc588d52,approved,,2026-08-19,
learning.word._7a18,9591aeeb315df3cbcbd93e9f965fadf256cc53c3f2135e9ab765f2b858982b43,approved,,2026-08-19,
learning.word._7a2f,8ec71c9db51adb80e300ad775ed18e28383504292fe0b4ade248721e56c59384,approved,,2026-08-19,
learning.word._7c43,263a5cad3a290fbe04200972f2e071c4ac7ce5e59cc5b834e1488b4cca086492,approved,,2026-08-19,
learning.word._7e66,bbb5c1e845d47a38250084f6c1deba39fb9261fecf31696b5a66745ac559cd45,approved,,2026-08-19,
learning.word._7f1a,42febeb17d0d40107470bb514494f9bbacd4c26e82d07451353a283e68fa73ca,approved,,2026-08-19,
learning.word._8666,856cae661e015d0872037cbed5771d92f803d1dd7737a0f89f949375dd823e78,approved,,2026-08-19,
learning.word._8834,facfe473367e8eef73c27d89dfe0d501a74ab69c7fc71c4252572bc550f0ef79,approved,,2026-08-19,
learning.word._8b64,bf6d8e802858da7b699e6e308d2737e860c6d6e696294e8179f53be28f3fe674,approved,,2026-08-19,
learning.word._8f77,fe6b40513de635a430f664fae3458427ebc7f99d6e19787552890b648fa09463,approved,,2026-08-19,
learning.word._8ffe,e74bf0bb860384952d776a422db360d23292cd628678388c3e8c5a99ddd0700f,approved,,2026-08-19,
learning.word._902f,623c001189d70a22d1b3b10220417d8dd6b5c6a12a2dd54dc8a1f7e0fe8dd479,approved,,2026-08-19,
learning.word._9194,7bdb0671b913277fb0b26e79179596d79512ac368f6b60180a65c777dc1f8d68,approved,,2026-08-19,
learning.word._97d0,66c235d97e7e3ec3ef5821e4ef0cd5e589295ec845bd776d4e5a9b8ecdf911e5,approved,,2026-08-19,
learning.word._99f2,27ba76d3666b6691898f793ff4d3727ca570669b2637b6f65479c9e82dd62507,approved,,2026-08-19,
learning.word._9b80,2481af65f4a691907f3e823e6d085838d07efa2fdc0795477c39824191475647,approved,,2026-08-19,
learning.word._9c12,3d6d67535e78289145381ede4eb9aa5ddd3d7826ef370977cd45f2a79cff3503,approved,,2026-08-19,
learning.word._9c9c,eea9abbec8126f957cc7d9b19ae3b458da2f2ff38e1d51184e783b0ba260e836,approved,,2026-08-19,
learning.word._9d09,3c66230c4ee341b26c8794231f20ebb684773f42e682767c69a2ac60cedd2487,approved,,2026-08-19,
learning.word._9fac,1e7fafa99b50e9daaac6de145b81de42ef0fe97ba31281809d965b758393d0cf,approved,,2026-08-19,
learning.word._a071,0b581706b113233a53eb6c525e2e720b8da86216606726df8399bd388deca7e1,approved,,2026-08-19,
learning.word._a0a4,59557ddfc575bb912f8a3301afe89040e2ebcdd4d00db59206de80f991a3fe20,approved,,2026-08-19,
learning.word._a529,3298112ca8198b1ce8447bf58efdc0694ad75e7e1a00f5589ab6e86e60f464c1,approved,,2026-08-19,
learning.word._a5f3,84b563327ab52d31a3689bb99c8f2f6846c2ab7de962b3d6cbd81f5d564a6794,approved,,2026-08-19,
learning.word._a8e2,e9964875ef9244a7c3e5d4f25b4a0006a885633e0b479c382a38782c47548b1b,approved,,2026-08-19,
learning.word._a93a,5ca9d671361cc6ca34eea2ff6488fadaabec17a5f4eb809def4b220ca80aa9d0,approved,,2026-08-19,
learning.word._aa8a,880061443f7b1d6398cf8176f99daa431e9ae3e2beb704dcb43869ec0eaeee11,approved,,2026-08-19,
learning.word._adbf,31de0e07178ed197f1246ad9270ae96f931bc9f549977403c80775d8b112934b,approved,,2026-08-19,
learning.word._adde,674aae29067402a9f0a8bb93c4a38c077c4e4baf12c756d0f1c1f7cf8809fd90,approved,,2026-08-19,
learning.word._af1e,5e0c4dc888ba8fbe44d0c1ab32f64d531308adf9e95691cd92d56a6ffa53685d,approved,,2026-08-19,
learning.word._b053,a18c45e2690a464c9be413770dbb94d2df9fc2f87d027cd03ec5a13aa28d2936,approved,,2026-08-19,
learning.word._b386,44b9573df63439c7dbb762a707282eca5ac6bf7cb7110b56b98e045ab8516869,approved,,2026-08-19,
learning.word._b673,339b94ec408ccac32059832ac13bbbb2904a488f148b3a05405ded30a3019b63,approved,,2026-08-19,
learning.word._b7c2,2a74c1c16b6a93e8ccdacab96703229c52ce636f4fe12462ea0bc810b95c7d6e,approved,,2026-08-19,
learning.word._b7fe,74c2a632e3fbeebc505babf2c5402d3b59fb091b3da27bce6d2028034a0308c8,approved,,2026-08-19,
learning.word._bb34,5d94dec72f17e9c7e9238711d73b418f877dfe84c172f0d56760c81f63f47c3b,approved,,2026-08-19,
learning.word._bd8c,938753686181cd97481c2ec0d038724a703e169e5f7ad12e0c24fbf4fdc6e8de,approved,,2026-08-19,
learning.word._bf45,2cb5b197232d30002a162073897f3192338789bea0e0ac1ed87322bd5a66b913,approved,,2026-08-19,
learning.word._bf7d,7d308b96ec54b626e70fd83483186bba20218291b3d5adf2500504d2fcd047bd,approved,,2026-08-19,
learning.word._bfee,bacb3b6f021fcf1e8c2328f028ec190b5aadc1c6dad03f971953878486dd4f60,approved,,2026-08-19,
learning.word._c41c,c122fc96cdb0ac14ac7f0e5a1a90346aac8bfb1a37cb48965ecb1c1dfcdae07a,approved,,2026-08-19,
learning.word._c561,545e3fe80a7278e0d254c1a49ea9bbc00a93bf0d3859576ebbe3b1e810db11f5,approved,,2026-08-19,
learning.word._cb2b,6541e0b60456b9ccad9c5e34ed149a439e9d222370d268d04df03d386f024d94,approved,,2026-08-19,
learning.word._cccb,004af5b731463c58530efdfca41336c7fe39a3af5f962007543df81ea176772e,approved,,2026-08-19,
learning.word._d5a8,ff82b49c8d2dc38f8c976460d4d2475dd8488a61323a05effdfcf369b7d83503,approved,,2026-08-19,
learning.word._d80e,56f70d1524a904015b7279ed996d38ac91077c76c31e7d20e37bb1b54218c7db,approved,,2026-08-19,
learning.word._da14,73c5b91d27121f95139b6e2557374e890aae2a6a3b76a291ab4bdd16a59059d8,approved,,2026-08-19,
learning.word._da9b,58f9b33c1c854ed93b1769350c390a25283ef1ddbad8d329a3cf3100c42775fd,approved,,2026-08-19,
learning.word._dce0,e5e13fa4e392fa397c1aa98b3233e54cd18e104a216d5ce8dccb682983022eca,approved,,2026-08-19,
learning.word._dd9a,bce9f7d27291a97474233550d00e0849f47b512e2e76681f8a0bfb6ae5c26bf4,approved,,2026-08-19,
learning.word._dedd,511e135222bc77c28d3c82326ac42cea08186614031647b20df0a54c8032600d,approved,,2026-08-19,
learning.word._df3b,4d814360370eeb6f8e80cdac8d5e24725e5406242dd854406b48df17c072eb3d,approved,,2026-08-19,
learning.word._e058,b7194d69fa69f0ff0bd9ae0ff8ab75321de2dde2d0a438dc68588bfe5893d8c1,approved,,2026-08-19,
learning.word._e250,036fef08d815504945970eed48d1b5805c2cd85ab5a2c90b06e3661a9f72652b,approved,,2026-08-19,
learning.word._e37e,150eff3b7506a074a6cfe804e046741508b9cef5e43d7d0d6be4a557f5d7f4af,approved,,2026-08-19,
learning.word._e732,f742be79e3b2af529bf934a423664d9d425378a6503f86bee4d220654f110016,approved,,2026-08-19,
learning.word._e854,372781d93654450174a2766447d80fe6df4f7514496a4f5dd4289bc80ad1ffdb,approved,,2026-08-19,
learning.word._e9fe,79d76b95764ac29c48f49afe8735a017531cb72da807f79e9016d95648b1f3dc,approved,,2026-08-19,
learning.word._ec6a,d2e0cea7c9379b167bb7427bd8611290d6dde621207ed4e7ac86f372f974bb4c,approved,,2026-08-19,
learning.word._ef90,ea7673f8e031ad3c66cc57507d685772f0cb84d79a7e68d89f35b53cf508bdf1,approved,,2026-08-19,
learning.word._f014,da8c11a5caa24dc824ea3f08633b2b1a3b75a9280a9fe82589afdf0e9761c093,approved,,2026-08-19,
learning.word._f47d,239284c3026e2e8725eabfcfc38967c65669bb263d41264b2c2fbd9c29dc7cf1,approved,,2026-08-19,
learning.word._f483,c9c61a6c3bf1ee61a76592cb5462bf677dc6ff887214173aa42302c496eaecfb,approved,,2026-08-19,
learning.word._f51a,3c0b163be127c520f737630a63b44c7901c062e1e02d98f70d643bddfc313bed,approved,,2026-08-19,
ui.app_title.0,648c274e2aec4dff4a102dcf4f94b9cdd320fa7bbfb8b55b5d602904c1eaca48,approved,,2026-08-19,
ui.lang_auto.0,c6f6fe1c7d9151fbb9cf0e3823dfb9e1fbf13d4f78482023bab2ec59ebfc05e5,approved,,2026-08-19,
ui.lang_czech.0,e9ef72b2aa9b0884bed178469f03023344f7c26e5f85ee1f8799125960ba6aba,approved,,2026-08-19,
ui.lang_danish.0,bd256d7bdacd1ce5f8ec8ed73badedc3f3876cc6a4a5501b983ce8b83487ca66,approved,,2026-08-19,
ui.lang_dutch.0,ad721fe068efe62015a2b9293cb8b1104c572bcbbb213b8c34f408b49298e5dc,approved,,2026-08-19,
ui.lang_english.0,3fb9a0f62a01474223461449b42f79589c723b1a9f1e92e1a4d82420511e9e28,approved,,2026-08-19,
ui.lang_finnish.0,7cd02a5283983dc307b4d07139d51f38a2063b1589a3dbe23b1ca1c6c2edcf10,approved,,2026-08-19,
ui.lang_french.0,a8959c74aba9b85f23094eb8ac1dece544e2f74457d91fb40d519ef1be5c5602,approved,,2026-08-19,
ui.lang_german.0,f8ce5a8a07e96a8151a706fb963f15067554d00a8e4039b19566668429212b68,approved,,2026-08-19,
ui.lang_greek.0,3b14b8ce982171df7bf98069d35d9c4c924362d3cd4de5ac427d63ec96103aa6,approved,,2026-08-19,
ui.lang_hebrew.0,7abd74fe5293d1e3becd38225ebf0749bf1a936ad6e636bb66f604d44bf60432,approved,,2026-08-19,
ui.lang_hungarian.0,1e890528b05c8340824bcba917e2382e877a8c7c7a5bb9cfadc18433309ab299,approved,,2026-08-19,
ui.lang_in_czech.0,765039c16ffe9df9d8d7681b94477ac3deb60828baa450ebd659305d1bd97edd,approved,,2026-08-19,
ui.lang_in_danish.0,20aee3e5bc1e8450256c0fa7dce45c5676aff609ef587fdac2ab51292a446a52,approved,,2026-08-19,
ui.lang_in_dutch.0,92d52f1b99fee8971d45723d50449ddfba461a1c6c531e1a3dd337193d640e6f,approved,,2026-08-19,
ui.lang_in_english.0,43956cb43c0130e453be621e18c0406c4c70f92489e68a66bed155a51062f479,approved,,2026-08-19,
ui.lang_in_finnish.0,31d79540fa4fe3144584bac4608bd6e7e0d286f148a5315e723cc804c934bb9d,approved,,2026-08-19,
ui.lang_in_french.0,cb6a697c0a9889821299eabe68bb0bad39bb63c8218d8f7d5d33c31d21d3f473,approved,,2026-08-19,
ui.lang_in_german.0,90eafb7bd120c5d629b260fd95e6c5c2a22e477c0e1ed3c960cb447f1c17fed7,approved,,2026-08-19,
ui.lang_in_greek.0,9ae6575d01e559d89b42a12846481c54b2b3a6805cc6b5d115f634613aff9ba4,approved,,2026-08-19,
ui.lang_in_hebrew.0,05e366ad23288d511d98529dae5cf70157460ff0b6978a52e82abecb3a676d4c,approved,,2026-08-19,
ui.lang_in_hungarian.0,481c0482c6540d56d8018b124c02b1c873956492c6952f84d65c9fdd2b0da429,approved,,2026-08-19,
ui.lang_in_italian.0,b3409392e371e47d76aa9939ce5e2d8b079cc2365ba922f3a7272c3c3ae43a5a,approved,,2026-08-19,
ui.lang_in_norwegian.0,969d146182cf30feaf9be8cc0cb054659673e0ddb4f9b4606679ba27da828b71,approved,,2026-08-19,
ui.lang_in_polish.0,40886442d18640e9dc9fcd3bb9d88d36412193a7a7f8236003a1506a2067f36b,approved,,2026-08-19,
ui.lang_in_portuguese.0,352a7384bf270edab1846d8b2b927236d3f682759b3534f665432ce2d838f58a,approved,,2026-08-19,
ui.lang_in_romanian.0,9bfdce3e89db33a59bd1e1b0110043b376f0c845bba8407a685f1c8dc047e3fb,approved,,2026-08-19,
ui.lang_in_slovak.0,a88766fbe2801d09b09ed79f11001435714853b08d04c69f38e1602696c1f0a8,approved,,2026-08-19,
ui.lang_in_spanish.0,7ed2bc882d183215d3fbf92ad40facb2a00b55166b4d5561ffc991f8e664f5a4,approved,,2026-08-19,
ui.lang_in_swedish.0,47fd4c5f2b629b48b0b682de89d682fa6b7baf10fd63db895f2124947c84cfcc,approved,,2026-08-19,
ui.lang_in_turkish.0,c595b2172ec7742f4fe51fc1025856243b176765d78ee8a6e40ef4bf093f154e,approved,,2026-08-19,
ui.lang_in_ukrainian.0,122ecfcfe9a79037a035b81828b7020d7a9a2c361108c00e9eb8623877fb467b,approved,,2026-08-19,
ui.lang_in_vietnamese.0,77efc372bd9400663f884ab4fd02edb5b2bdc7928059a3df45c6e851333cb1ae,approved,,2026-08-19,
ui.lang_italian.0,314ba9271cc1f9fb7d88bbf407103c3e367cf9ec3fbf1b6f8e94cf75fe6c3cbd,approved,,2026-08-19,
ui.lang_norwegian.0,fceb48d216d55cdd0d0534da4a805b263a76ddc34ff0774c464e9dcc7dddfb9a,approved,,2026-08-19,
ui.lang_polish.0,27a36307e2c46460720cd243f662de024382597c6fe7479af439bdf50b028445,approved,,2026-08-19,
ui.lang_portuguese.0,fd5603302471829e801b84af090b24d36bc36ea12bf84dc68958e82b2853d970,approved,,2026-08-19,
ui.lang_romanian.0,aa7d2f7f404b0ee6875a25503caf05159e6f60a76d991b29937f5e4b8d9a8702,approved,,2026-08-19,
ui.lang_slovak.0,733d79ee77258579fa43b3ae25085957041fb8f763035e2e6ab6ca970f5af7a2,approved,,2026-08-19,
ui.lang_spanish.0,9e65e01011ccc28ff5c2d63c5a6aff55aaaedcb34279484abcab638b3f47a26e,approved,,2026-08-19,
ui.lang_swedish.0,4327f85a22640a8f8b44f7a6b9d1aed7603e35d173fa401a25171a442eeac5c1,approved,,2026-08-19,
ui.lang_turkish.0,230760bc1efb6ec412b3e69c564e60dfdc834dbffd066d2653ed19c2d9537c54,approved,,2026-08-19,
ui.lang_ukrainian.0,49601beeffce2bc54a8b726c003ee8a343c3948ddf633acb30b9b5be6e17d3d9,approved,,2026-08-19,
ui.lang_vietnamese.0,4e1582f1a4f02771c66e35f17aac83b4bb86f40d981ff3b6e5800bec6162cf79,approved,,2026-08-19,
ui.number_to.001,cfe9c975c7b51a97f9e56588b2aa261531b386d3a58df0f8a0744046ffe71f3e,approved,,2026-08-22,
ui.number_to.002,a00e2021c25b9c655848aaf56553c91130b4368846ecf2d3212ea63976f5ad5f,approved,,2026-08-22,
ui.number_to.003,fab70a39a43c86fc27dadeb6ebebb6366c8c9cac0843666ecc827cefcd723f8a,approved,,2026-08-22,
ui.number_to.004,dd6f0de4686cc6c29d4b3ade6668ad90d0b17166668b66a1a3b033e4c3824d80,approved,,2026-08-22,
ui.number_to.005,d7bfae711ab550328c3feaf42f47ed8e269692eebf610d1a54bef9d8d551a423,approved,,2026-08-22,
ui.number_to.006,e6a6292d755c0918b55ecfdd0a22089fd511a8364a7c2355918e4001ea7651b7,approved,,2026-08-22,
ui.number_to.007,d2568e65ad69a25fada8ddbc3272e01333819725612f3aca8c57e86c6f86520e,approved,,2026-08-22,
ui.number_to.008,583d06e8cf86586fa84aa1a273d079f2792e4dc92c4e4810917494369a70f32f,approved,,2026-08-22,
ui.number_to.009,d83659f5c735c69d411257f0f65f0eb890780d794545c9c9c0e314f7e98912a4,approved,,2026-08-22,
ui.number_to.010,2e248533f932acf31e34e2a44e8175f4fccba18c8897f318b51c328446d3d3b3,approved,,2026-08-22,
ui.number_to.011,482f5ffa0746109da21996bb707cddaba1a01f48dad806949d965ea8446f1092,approved,,2026-08-22,
ui.number_to.012,3ca14d4955e58a6160b846059b5da0703143e0f1868b1b9f90fbbffd1140ef2c,approved,,2026-08-22,
ui.number_to.013,69f9571a952c2c91165f9b2be91647a6ce49ad2bd8c2564270e69a398fcd66b3,approved,,2026-08-22,
ui.number_to.014,295e57ecec9d32ab76e8cc1749bf8e6e95087afff8626c3026096f11f35c3455,approved,,2026-08-22,
ui.number_to.015,8d60a9c28c2b62a0483dd058e952c8cd615b8bb19caac87068ed54ae01e698c8,approved,,2026-08-22,
ui.number_to.016,0b68b2ae2c799caaac4dbece0bf68b611ee2436a8b6dd08cb0762a6fe0ca190c,approved,,2026-08-22,
ui.number_to.017,4e12b4512e1762f614b2ff338ee0d0c952a117926dd90fa8f6947e317c9c0f31,approved,,2026-08-22,
ui.number_to.018,86a09846c9b0db971e2981a68d6c14d5ea58f37b20391c74cfcd26ebc2d4e2c4,approved,,2026-08-22,
ui.number_to.019,ace1007d2ccff210ab01824be01f1089a82cf2591f54ce0a372773ba196480b5,approved,,2026-08-22,
ui.number_to.020,aa25ba6cbd331407cef0354e3ee6e3e2ab56e1dcc06b381dbeac1300e9c6561c,approved,,2026-08-22,
ui.number_to.021,56f974389e2e26c87fcf564dbd576e03c3e76475c5e13eb09f1e70286ed98590,approved,,2026-08-22,
ui.number_to.022,337f2be0564e01b2d802543b8c45d32e438697245b1d1f24344e39b0bcaf1c89,approved,,2026-08-22,
ui.number_to.023,8a45d77c98e23628e923957c2d4c11e235ad73cfdc973c4369d36a591902b78d,approved,,2026-08-22,
ui.number_to.024,55d840458e57f228457b8be2bbdba306f47be85b5d45a8296cdcb77b81fea724,approved,,2026-08-22,
ui.number_to.025,24c059b0333dde67564bdda0030ada08f2155ef4b3ebb55f675d33b5cbcbf7b3,approved,,2026-08-22,
ui.number_to.026,0d02d10109ccb4b68e65ea591562b7421572d4a94bc5ef2ae649c3e5b816f38f,approved,,2026-08-22,
ui.number_to.027,921d5b3fdfdda2065a1e6de69ced1b139b33e76a06d43c297f71c709e2e8f35a,approved,,2026-08-22,
ui.number_to.028,0d12c46067f6346c28ace7b3b15c421cdd58208eaf7ac1ab6d04c39dcbca202b,approved,,2026-08-22,
ui.number_to.029,76f412bcf5c9a413ae23ae8f09f3e0a8f3e050c5bb63f8a7fb795aab08a0b467,approved,,2026-08-22,
ui.number_to.030,44a60dcf130405448457559d856ab6106109389c99bd76d6d9293be0c27f053f,approved,,2026-08-22,
ui.number_to.031,b1f6d9dea55d66d5c32e7f533aa0d4cb750510c1d68168932b43e77d16eaa3a6,approved,,2026-08-22,
ui.number_to.032,04911222a5d80db73ac333f81ec6becb050817f7b3ff3f8ab85ca704cb7e871d,approved,,2026-08-22,
ui.number_to.033,b03325a5007a5a6092a83775d335fed32e099823ad4f218f6775d8b9f52dd7f0,approved,,2026-08-22,
ui.number_to.034,de1d75b1fbc66972d0668f64aa0dae49ba4650b0ed137c57d8d5a9cafb46cf3f,approved,,2026-08-22,
ui.number_to.035,e11c5f66258a95965d59bdec7cf1b087dfec339f390cc8c76c79b3e4c9d8dc8a,approved,,2026-08-22,
ui.number_to.036,7c4ee9c9344b2d4b3fe0da4ac8f0122407966a5ea43db461f5b062dc8d2385cc,approved,,2026-08-22,
ui.number_to.037,de531d57d6d4ae58905feff94c506b51ef82057d639d60db61f1aaa1b74041d1,approved,,2026-08-22,
ui.number_to.038,1b2d4acf63f9fab3897ad5a9b3eb4e4fe1f095f88c0816e169bea36566597bb0,approved,,2026-08-22,
ui.number_to.039,fc14b4d42a7f08aebe2a98c40218f1637b05443f8da8bc6e44da44371b09eda1,approved,,2026-08-22,
ui.number_to.040,12218180e757bc4cb0ad67b84e249530aaa9a2ef2402ba54882030fc382133e8,approved,,2026-08-22,
ui.number_to.041,b750004b46abd5139b0f35617fd43b0813c1e2b6d6ac284db0f73d3f39df9db5,approved,,2026-08-22,
ui.number_to.042,16945cdc15463c06b504fdce86103f246e14e55159fd7a4ddbd6931eacf7d0ef,approved,,2026-08-22,
ui.number_to.043,96db4744e828028e22f4dcc308f4b7afccc5636da96184a9787fe759918a8923,approved,,2026-08-22,
ui.number_to.044,9540b9c557f84b2691748213a00c903ffde7f8085d068b1596e59b87c4a71629,approved,,2026-08-22,
ui.number_to.045,8633eb0845c64961a5c90947e6eddd7ea01902989125145a3dc13544fcbf3763,approved,,2026-08-22,
ui.number_to.046,42a427d5383e86053688d35b68b65e6ca246d77866d4c4aff193832c34239d5e,approved,,2026-08-22,
ui.number_to.047,8573d16e732498c50c7cc9aa67f16492f80eef097d077b9083ff05b2f8925fa9,approved,,2026-08-22,
ui.number_to.048,9d6377155ec496db1c3487bc448351c8adc534d744d3d3f3a160400bd7828e38,approved,,2026-08-22,
ui.number_to.049,ddcc829cbbc4dcb0160a98d3a5d1bcd119d1f175fdcaba55720361b2e1bf9b1e,approved,,2026-08-22,
ui.number_to.050,def55677a32d288049c2a29e6320479b82d3646ea48212a326aecaacc9b6f760,approved,,2026-08-22,
ui.recap_tts_counted_to.0,a96227bc124449e5c2c60b2dded7c7a718720009aa4bb053671f741447e9838f,approved,,2026-08-19,
ui.recap_tts_counted_to.0,04c8dcc4fd09b46332d3631ace7817a3859fa4243e7a63a59f5ca83774013aa7,approved,,2026-08-22,
ui.recap_tts_counted_to_lang.0,04c8dcc4fd09b46332d3631ace7817a3859fa4243e7a63a59f5ca83774013aa7,approved,,2026-08-19,
ui.recap_tts_counted_to_lang.1,6acd342e59daad0d43d317a21c82ad24c67ff85e2d332f5f432904038fe81db5,approved,,2026-08-19,
ui.recap_tts_found_letter.0,cfeee5a159a938a4e571f926e7f22abcf9c4fe4fcf5ecb0caa62fa5652ced074,approved,,2026-08-19,
ui.recap_tts_found_letter_lang.0,03baf59ebd9910fe98122013b7a5d6bee563bd77339456ae10fd64379e5bebf3,approved,,2026-08-19,
ui.recap_tts_found_letter_lang.1,99c8e2d02c6b1dc8aac4b15f4438b4fb8bf79a145048857d9bce6b9ba1f6ea95,approved,,2026-08-19,
ui.recap_tts_found_letters.0,8925f90680f4db0a872d3973cbfa86d2be81bc6f9221df2e887ab59e50df552a,approved,,2026-08-19,
ui.recap_tts_found_letters.1,6acd342e59daad0d43d317a21c82ad24c67ff85e2d332f5f432904038fe81db5,approved,,2026-08-22,
ui.recap_tts_found_letters_lang.1,915ce90edc628e057dc8425dea2c7f9d532ae0510a59f111a8dbb5b348710ae3,approved,,2026-08-19,
ui.recap_tts_spelled_phrase.0,d49ec48812bdae3f174a6e7507f5b51e156a7e0650a41dabef85b627f3d4912e,approved,,2026-08-19,
ui.recap_tts_spelled_phrase_lang.1,e71965cfe1b9296d9afca5dfc4d40df52c40e3685f8d8e2bddbcb8bcb7cd667c,approved,,2026-08-19,
ui.recap_tts_spelled_word.0,0b78688e5f62c3afb3f1c2fd973857849afb3063110a97fcceacc64dd984f561,approved,,2026-08-19,
ui.recap_tts_spelled_word_lang.0,373cf4843fdcfd2ea6aa6649307d9e95ad3c41134d41f3f318fb788a17f8e003,approved,,2026-08-19,
ui.recap_tts_spelled_word_lang.1,b28fba4bd25dfe5b2a32ed6ac6d9fa585450d8a36eea1e41291ac858a0004ed1,approved,,2026-08-19,
